{
  // See https://aka.ms/bicep/config for more information on Bicep configuration options
  // Press CTRL+SPACE/CMD+SPACE at any location to see Intellisense suggestions
  "analyzers": {
    "core": {
      "rules": {
        "no-unused-params": {
          "level": "warning"
        },
        "use-resource-id-functions":{
          "level": "warning"
        },
        "use-stable-resource-identifiers":{
          "level": "warning"
        },
        "use-stable-vm-image":{
          "level": "warning"
        }
      }
    }
  }
}