{
    "$schema": "https://schema.management.azure.com/schemas/2015-01-01/deploymentParameters.json#",
    "contentVersion": "1.0.0.0",
    "parameters": {
        "location": {
            "value": "usgovvirginia"
        },
        "migrateProjectName": {
            "value": "cmagvadtemigrate"
        },
        "serverAssessmentName": {
            "value": "servers-Assessment-ServerAssessment"
        },
        "serverDiscoveryName": {
            "value": "servers-Discovery-ServerDiscovery"
        },
        "serverMigrationName": {
            "value": "servers-Migration-ServerMigration"
        },
        "virtualNetworkName": {
            "value": "cmagvadte-vn"
        },
        "virtualNetworkCIDR": {
            "value": "10.11.0.0/16"
        },
        "subnetName": {
            "value": "cmagvadtevn-sn"
        },
        "subnetCIDR": {
            "value": "10.11.0.0/24"
        },
        "privateEndpointName": {
            "value": "cmagvadtemigrate1334pe"
        },
        "privateDNSZoneName": {
            "value": "privatelink.prod.migration.windowsazure.us"
        },
        "privateVirtualNetworkLinkName": {
            "value": "cmagvadte-vn1992vnetlink"
        },
        "privateDNSZoneGroupName": {
            "value": "cmagvadtemigrate1334dnszonegroup"
        }
    }
}